{
  "raw": {
    "nFix": {
      "count": 17192.0,
      "mean": 1.2836319218241043,
      "std": 1.1400155736995725,
      "min": 0.0,
      "25%": 0.4,
      "50%": 1.0,
      "75%": 1.8,
      "max": 13.0
    },
    "FFD": {
      "count": 17192.0,
      "mean": 149.82698929734764,
      "std": 95.22486972989549,
      "min": 0.0,
      "25%": 78.4,
      "50%": 146.0,
      "75%": 212.6,
      "max": 800.6
    },
    "GPT": {
      "count": 17192.0,
      "mean": 439.6063983248022,
      "std": 820.7147601992971,
      "min": 0.0,
      "25%": 106.5,
      "50%": 215.2,
      "75%": 392.65000000000003,
      "max": 14003.8
    },
    "TRT": {
      "count": 17192.0,
      "mean": 331.5326896230805,
      "std": 313.54662261065374,
      "min": 0.0,
      "25%": 108.0,
      "50%": 254.3,
      "75%": 462.85,
      "max": 3486.6
    },
    "fixProp": {
      "count": 17192.0,
      "mean": 0.5787226617031177,
      "std": 0.3043531481531132,
      "min": 0.0,
      "25%": 0.4,
      "50%": 0.6,
      "75%": 0.8,
      "max": 1.0
    }
  },
  "scaled": {
    "nFix": {
      "count": 17192.0,
      "mean": 13.919386720567704,
      "std": 9.916252492044874,
      "min": 0.0,
      "25%": 6.827922994586936,
      "50%": 11.846813185746656,
      "75%": 18.538666773959616,
      "max": 112.22461700894105
    },
    "FFD": {
      "count": 17192.0,
      "mean": 2.941151838064216,
      "std": 1.6123649892754544,
      "min": 0.0,
      "25%": 1.8478090601882116,
      "50%": 2.9308184659034913,
      "75%": 3.9978070224217994,
      "max": 13.418066350241098
    },
    "GPT": {
      "count": 17192.0,
      "mean": 5.848673801768264,
      "std": 5.921294459971212,
      "min": 0.0,
      "25%": 3.7894433374653396,
      "50%": 4.547073998634667,
      "75%": 5.783886885704558,
      "max": 100.65255821758028
    },
    "TRT": {
      "count": 17192.0,
      "mean": 4.893877803629596,
      "std": 3.7759420018198515,
      "min": 0.0,
      "25%": 2.3791134242608205,
      "50%": 4.088013181190238,
      "75%": 6.524042192178823,
      "max": 41.84383467348658
    },
    "fixProp": {
      "count": 17192.0,
      "mean": 61.806957026523975,
      "std": 30.82960475691248,
      "min": 0.0,
      "25%": 44.695418342979146,
      "50%": 64.36120211451828,
      "75%": 84.02698588605743,
      "max": 103.69276965759657
    }
  },
  "target_stats": {
    "nFix": {
      "mean": 15.2315,
      "std": 9.3603
    },
    "FFD": {
      "mean": 3.2184,
      "std": 1.3973
    },
    "GPT": {
      "mean": 6.4,
      "std": 5.9024
    },
    "TRT": {
      "mean": 5.3552,
      "std": 3.6237
    },
    "fixProp": {
      "mean": 67.6332,
      "std": 25.4164
    }
  },
  "preserve_zero_rows": true,
  "sa1_report": {
    "total_annotations": 1071,
    "kept_annotations": 846,
    "participants": 5,
    "xml_files_seen": 5355,
    "xml_files_used": 4215,
    "xml_files_missing": 15,
    "texts_without_mapped_fixations": 3,
    "mapped_fixations": 110341,
    "unmapped_fixations": 211,
    "output_rows": 17192
  },
  "include_neutral": false
}