{
  "dedupe_report": {
    "base_sentences": 994,
    "candidate_sentences": 846,
    "added_sentences": 782,
    "duplicate_against_base": 61,
    "duplicate_within_add": 3,
    "combined_sentences": 1776,
    "combined_rows": 38657
  },
  "combined": {
    "nFix": {
      "count": 38657.0,
      "mean": 13.881210555716436,
      "std": 9.849544303147832,
      "min": 0.0,
      "25%": 7.667167487685381,
      "50%": 11.846813185746656,
      "75%": 18.538666773959616,
      "max": 112.22461700894105
    },
    "FFD": {
      "count": 38657.0,
      "mean": 2.9437464844416006,
      "std": 1.6082756775572438,
      "min": 0.0,
      "25%": 1.8059620402162029,
      "50%": 2.9700074407455697,
      "75%": 4.071373473554123,
      "max": 13.270316869532351
    },
    "GPT": {
      "count": 38657.0,
      "mean": 5.842817696615668,
      "std": 5.8984589728045895,
      "min": 0.0,
      "25%": 3.3998246257876445,
      "50%": 4.6028333849212775,
      "75%": 6.51328096230528,
      "max": 108.10408372570213
    },
    "TRT": {
      "count": 38657.0,
      "mean": 4.881963360681282,
      "std": 3.7514561419015937,
      "min": 0.0,
      "25%": 2.3300541010953824,
      "50%": 4.15664197203029,
      "75%": 6.584198267012633,
      "max": 44.92255633778848
    },
    "fixProp": {
      "count": 38657.0,
      "mean": 61.834823028590314,
      "std": 30.740504780357977,
      "min": 0.0,
      "25%": 44.695418342979146,
      "50%": 64.36120211451828,
      "75%": 84.02698588605743,
      "max": 103.91552524706503
    }
  },
  "base_csv": "data/finetune_data/iitb_v2_cmcl_scaled.csv",
  "added_csv": "data/finetune_data/iitb_sa1_snippet_cmcl_scaled.csv"
}