{
  "raw": {
    "nFix": {
      "count": 22934.0,
      "mean": 0.9037237289613674,
      "std": 0.7138088108272375,
      "min": 0.0,
      "25%": 0.42857142857142855,
      "50%": 0.7142857142857143,
      "75%": 1.2857142857142858,
      "max": 7.571428571428571
    },
    "FFD": {
      "count": 22934.0,
      "mean": 123.03516301436419,
      "std": 73.97273557442243,
      "min": 0.0,
      "25%": 65.28571428571429,
      "50%": 123.85714285714286,
      "75%": 177.57142857142858,
      "max": 615.2857142857143
    },
    "GPT": {
      "count": 22934.0,
      "mean": 235.1607407591972,
      "std": 285.73521197386606,
      "min": 0.0,
      "25%": 83.28571428571429,
      "50%": 173.28571428571428,
      "75%": 289.0,
      "max": 5237.857142857143
    },
    "TRT": {
      "count": 22934.0,
      "mean": 192.55941272471313,
      "std": 163.6132027575063,
      "min": 0.0,
      "25%": 75.46428571428572,
      "50%": 160.42857142857142,
      "75%": 267.85714285714283,
      "max": 1954.7142857142858
    },
    "fixProp": {
      "count": 22934.0,
      "mean": 0.573029438513,
      "std": 0.3050238457392958,
      "min": 0.0,
      "25%": 0.2857142857142857,
      "50%": 0.5714285714285714,
      "75%": 0.8571428571428571,
      "max": 1.0
    }
  },
  "scaled": {
    "nFix": {
      "count": 22934.0,
      "mean": 13.966968038719807,
      "std": 9.899669564750882,
      "min": 0.0,
      "25%": 7.667167487685381,
      "50%": 11.547495147310137,
      "75%": 19.308150466559646,
      "max": 104.67535897830426
    },
    "FFD": {
      "count": 22934.0,
      "mean": 2.9512057207639315,
      "std": 1.6059035068273582,
      "min": 0.0,
      "25%": 1.7790994540501406,
      "50%": 3.00283949050409,
      "75%": 4.125098645886249,
      "max": 13.270316869532351
    },
    "GPT": {
      "count": 22934.0,
      "mean": 5.868666608528822,
      "std": 5.921507155315041,
      "min": 0.0,
      "25%": 2.864517095146444,
      "50%": 4.702024078607728,
      "75%": 7.064533057343666,
      "max": 108.10408372570211
    },
    "TRT": {
      "count": 22934.0,
      "mean": 4.910606784686491,
      "std": 3.771512745098331,
      "min": 0.0,
      "25%": 2.30430854290987,
      "50%": 4.231156478142698,
      "75%": 6.66745685190493,
      "max": 44.92255633778848
    },
    "fixProp": {
      "count": 22934.0,
      "mean": 62.018234760617425,
      "std": 30.66929330924186,
      "min": 0.0,
      "25%": 34.82291790278903,
      "50%": 62.45996084049943,
      "75%": 90.09700377820982,
      "max": 103.91552524706503
    }
  },
  "target_stats": {
    "nFix": {
      "mean": 15.2315,
      "std": 9.3603
    },
    "FFD": {
      "mean": 3.2184,
      "std": 1.3973
    },
    "GPT": {
      "mean": 6.4,
      "std": 5.9024
    },
    "TRT": {
      "mean": 5.3552,
      "std": 3.6237
    },
    "fixProp": {
      "mean": 67.6332,
      "std": 25.4164
    }
  },
  "preserve_zero_rows": true,
  "alignment_report": {
    "total_texts": 994,
    "texts_without_fixations": 0,
    "texts_without_mapped_fixations": 0,
    "unmapped_observed_tokens": 1812,
    "output_rows": 22934
  }
}